id,name,imageUrl,sortId,ctime
1,艾草,,3,06/25/2019 17:42:14
2,棒棒糖,,3,06/25/2019 17:42:52
3,八宝粥,,3,06/25/2019 17:43:10
4,白茶,,3,06/25/2019 17:43:27
5,扁豆,,3,06/25/2019 17:43:44
6,布丁,,3,06/25/2019 17:44:01
7,巴旦木,,3,06/25/2019 17:44:14
8,饼干,,3,06/25/2019 17:44:29
9,碧根果肉,,3,06/25/2019 17:44:45
10,白瓜子,,3,06/25/2019 17:45:05
11,包裹着猫屎的猫砂,,3,06/25/2019 17:45:47
12,薄荷叶,,3,06/25/2019 17:46:06
13,八角,,3,06/25/2019 17:46:18
14,北京烤鸭,,3,06/25/2019 17:46:30
15,菠萝,,3,06/25/2019 17:46:45
16,板栗壳,,3,06/25/2019 17:47:02
17,槟榔,,3,06/25/2019 17:47:37
18,菠萝密肉,,3,06/25/2019 17:48:02
19,菠萝皮,,3,06/25/2019 17:48:21
20,爆米花,,3,06/25/2019 17:48:36
21,白米虾,,3,06/25/2019 17:48:48
22,冰淇淋,,3,06/25/2019 17:49:06
23,蚌肉,,3,06/25/2019 17:49:45
24,白砂糖,,3,06/25/2019 17:50:00
25,白糖,,3,06/25/2019 17:50:13
26,百香果壳,,3,06/25/2019 17:50:55
27,包子,,3,06/25/2019 17:51:11
28,白煮蛋,,3,06/25/2019 17:51:27
29,葱,,3,06/25/2019 17:51:45
